scenario,peak_total_load_mw,peak_stress_ratio,bottleneck_intervals,mean_congestion_index,annual_ev_energy_cost_eur,annual_savings_eur
immediate_plug_in,2695.6065545714287,1.0,1,17104.80633683845,4535267.79231347,0.0
unmanaged_evening,2726.8565545714287,1.0115929381263018,2,17104.80633683845,4391573.516915998,143694.27539747115
smart_flat_spread,2695.6065545714287,1.0,1,17104.80633683845,3549446.957693659,985820.8346198108
smart_price_aware,2695.6065545714287,1.0,1,17104.80633683845,2807378.0120150186,1727889.780298451
smart_grid_aware,2695.6065545714287,1.0,1,17104.80633683845,2807378.0120150186,1727889.780298451
