scenario,peak_total_load_mw,peak_stress_ratio,peak_congestion_index,bottleneck_intervals,overload_minutes,minutes_above_stress_095,load_std_mw,peak_ev_load_mw,total_ev_energy_mwh,evening_ev_energy_share_pct,peak_load_reduction_mw,peak_load_reduction_pct,annual_ev_energy_cost_eur,annual_savings_eur,reference_annual_savings_eur,savings_vs_reference_pct
baseline,2726.8565545714287,1.0,19641.34,1,15,195,247.09157314163448,31.25,125.0,100.0,0.0,0.0,4391573.516915998,0.0,0.0,0.0
intervention_10pct,2723.7315545714287,0.9988539917896447,19618.83086309762,0,0,195,245.9740123366018,50.0,125.0,90.0,3.125,0.11460082103552918,4231007.577301996,160565.9396140026,170596.0,-5.879422955988069
intervention_15pct,2722.1690545714287,0.998280987684467,19607.57629464643,0,0,195,245.45604444255,75.0,125.0,85.0,4.6875,0.17190123155329376,4150724.6074949945,240848.9094210039,255894.0,-5.879422955988069
intervention_20pct,2720.6065545714287,0.9977079835792895,19596.32172619524,0,0,195,244.96551803255355,100.0,125.0,80.0,6.25,0.22920164207105836,4070441.6376879932,321131.8792280052,341192.0,-5.879422955988069
