run_id,app_adoption_target,app_adoption_actual,zone_capacity_mw,peak_unmanaged_mw,peak_managed_mw,peak_reduction_mw,peak_stress_unmanaged,peak_stress_managed,ev_energy_managed_mwh,ev_energy_target_mwh,daily_unmanaged_ev_cost_eur,daily_managed_ev_cost_eur,daily_fleet_savings_eur,daily_app_user_savings_eur,daily_savings_per_app_user_eur,annual_fleet_savings_eur,annual_customer_savings_eur,annual_savings_per_app_user_eur,monthly_savings_per_app_user_eur,monthly_savings_per_ev_eur,app_users_count,annual_dso_savings_eur
1,0.6,0.5978,2291.2655713857143,2687.939225428361,2683.425237350019,4.513988078342209,1.1731242589233102,1.1711541738599658,125.0,125.0,10835.132002026,9641.413294162385,1193.7187078636143,1192.9856902061165,0.39912535637541535,435707.3283702192,728403.775385133,145.68075507702662,12.140062923085551,7.26178880617032,2989.0,432341.4974199154
2,0.6,0.608,2291.2655713857143,2717.648913275017,2714.5647265588345,3.0841867161825576,1.1860907557876121,1.1847446932644812,124.99999999999999,125.0,10835.132002026,9598.931900524394,1236.2001015016049,1235.6909539802828,0.4064772874935141,451213.03704808577,741821.0496756632,148.36420993513264,12.363684161261054,7.5202172841347625,3040.0,59572.19757005353
3,0.6,0.5966,2291.2655713857143,2707.0513745841395,2701.7144027590566,5.3369718250828555,1.1814655657514923,1.1791362976423159,124.99999999999997,125.0,10835.132002026,9616.94880654131,1218.1831954846893,1218.3017607759593,0.40841493824202457,444636.8663519116,745357.2622916949,149.07145245833897,12.422621038194913,7.410614439198527,2983.0,61359.46930113415
4,0.6,0.6018,2291.2655713857143,2699.396103080004,2694.3020177183953,5.094085361608904,1.1781244988757285,1.1759012361403973,125.00000000000003,125.0,10835.132002026,9602.208281355415,1232.9237206705839,1233.307578938765,0.40987290759015116,450017.1580447631,748018.0563520258,149.60361127040517,12.466967605867097,7.500285967412718,3009.0,173022.42651811818
5,0.6,0.5956,2291.2655713857143,2713.2535784548354,2709.203132198228,4.050446256607302,1.184172455755057,1.1824046788953202,125.0,125.0,10835.132002026,9721.922025200067,1113.2099768259322,1112.8663339668128,0.37369588111712987,406321.64154146524,681994.983038762,136.3989966077524,11.366583050646033,6.77202735902442,2978.0,166545.4474795003
