run_id,app_adoption_target,app_adoption_actual,zone_capacity_mw,peak_unmanaged_mw,peak_managed_mw,peak_reduction_mw,peak_stress_unmanaged,peak_stress_managed,ev_energy_managed_mwh,ev_energy_target_mwh,daily_unmanaged_ev_cost_eur,daily_managed_ev_cost_eur,daily_fleet_savings_eur,daily_app_user_savings_eur,daily_savings_per_app_user_eur,annual_fleet_savings_eur,annual_customer_savings_eur,annual_savings_per_app_user_eur,monthly_savings_per_app_user_eur,monthly_savings_per_ev_eur,app_users_count,annual_dso_savings_eur
1,0.6,0.5978,2291.2655713857143,2687.939225428361,2684.345147382661,3.594078045700371,1.1731242589233102,1.1715556594163021,125.0,125.0,10835.132002026,9351.637148207661,1483.494853818338,1482.7618361608402,0.4960728792776314,541475.6216436934,905333.0046816772,181.06660093633545,15.088883411361287,9.024593694061558,2989.0,434443.21048367553
2,0.6,0.608,2291.2655713857143,2717.648913275017,2714.5647265588345,3.0841867161825576,1.1860907557876121,1.1847446932644812,125.0,125.0,10835.132002026,9357.626607626004,1477.5053943999956,1476.9962468786744,0.4858540285785113,539289.4689559984,886683.6021557831,177.3367204311566,14.778060035929718,8.988157815933308,3040.0,60277.000601266634
3,0.6,0.5966,2291.2655713857143,2707.0513745841395,2704.085322752584,2.9660518315554327,1.1814655657514923,1.1801710620201935,125.0,125.0,10835.132002026,9376.360800140137,1458.771201885862,1458.889767177131,0.48906797424644016,532451.4886883396,892549.0529997534,178.50981059995067,14.875817549995888,8.874191478138993,2983.0,61922.30098352336
4,0.6,0.6018,2291.2655713857143,2699.396103080004,2695.129050468805,4.267052611199233,1.1781244988757285,1.1762621863334863,125.0,125.0,10835.132002026,9380.220668462987,1454.9113335630118,1455.2951918311892,0.4836474549123261,531042.6367504993,882656.6052149951,176.53132104299902,14.710943420249919,8.85071061250832,3009.0,172484.9498807407
5,0.6,0.5956,2291.2655713857143,2713.2535784548354,2709.672229220818,3.58134923401758,1.184172455755057,1.1826094116109198,125.0,125.0,10835.132002026,9379.424871006253,1455.7071310197462,1455.363488160625,0.4887049993823455,531333.1028222074,891886.6238727806,178.37732477455612,14.864777064546344,8.855551713703456,2978.0,170383.18895651534
